{
  "role": "Contractor",
  "n_sequences": 169,
  "n_features": 7,
  "final_loss": 0.7104146877924601,
  "threshold": 3.035537004470825,
  "threshold_method": "percentile",
  "error_mean": 0.7097926139831543,
  "error_std": 0.42476990818977356,
  "error_p50": 0.595495343208313,
  "error_p95": 1.69611656665802,
  "error_p99": 2.2446181774139404
}