{
  "role": "Admin",
  "n_sequences": 234,
  "n_features": 7,
  "final_loss": 0.7089711427688599,
  "threshold": 2.564638376235962,
  "threshold_method": "percentile",
  "error_mean": 0.7022671699523926,
  "error_std": 0.4456743001937866,
  "error_p50": 0.5965477228164673,
  "error_p95": 1.352439284324646,
  "error_p99": 2.556121826171875
}