{
  "role": "Admin",
  "n_sequences": 144,
  "n_features": 7,
  "final_loss": 0.6724306543668112,
  "threshold": 3.2146308422088623,
  "threshold_method": "percentile",
  "error_mean": 0.7110873460769653,
  "error_std": 0.5371763110160828,
  "error_p50": 0.5588101148605347,
  "error_p95": 1.506784439086914,
  "error_p99": 3.196107864379883
}