{
  "role": "Employee",
  "n_sequences": 1392,
  "n_features": 7,
  "final_loss": 0.606090095910159,
  "threshold": 2.5167481899261475,
  "threshold_method": "percentile",
  "error_mean": 0.6007140874862671,
  "error_std": 0.48461833596229553,
  "error_p50": 0.4511116147041321,
  "error_p95": 1.6377227306365967,
  "error_p99": 2.4055542945861816
}