{
  "role": "global",
  "n_sequences": 1795,
  "n_features": 7,
  "final_loss": 0.5623479084721927,
  "threshold": 13.773975372314453,
  "threshold_method": "percentile",
  "error_mean": 0.5730379223823547,
  "error_std": 1.1333255767822266,
  "error_p50": 0.30242815613746643,
  "error_p95": 1.5867019891738892,
  "error_p99": 3.4973113536834717
}